{
  "chest_xray": {
    "VGG16": {
      "accuracy": [
        0.5,
        0.5,
        0.5198675394058228,
        0.4768211841583252,
        0.5264900922775269
      ],
      "loss": [
        0.9036875367164612,
        0.7975742816925049,
        0.72366863489151,
        0.7022952437400818,
        0.6942120790481567
      ],
      "val_accuracy": [
        0.4923076927661896,
        0.4923076927661896,
        0.4923076927661896,
        0.5692307949066162,
        0.6000000238418579
      ],
      "val_loss": [
        0.8172314763069153,
        0.7381383180618286,
        0.701844334602356,
        0.6893458366394043,
        0.6832979917526245
      ]
    },
    "ResNet50": {
      "accuracy": [
        0.4933774769306183,
        0.5,
        0.503311276435852,
        0.5662251710891724,
        0.556291401386261
      ],
      "loss": [
        0.9878568053245544,
        0.7309317588806152,
        0.7397124171257019,
        0.6810758709907532,
        0.691055417060852
      ],
      "val_accuracy": [
        0.4923076927661896,
        0.5076923370361328,
        0.5076923370361328,
        0.5076923370361328,
        0.5076923370361328
      ],
      "val_loss": [
        0.717311441898346,
        0.716201663017273,
        0.7210927605628967,
        0.6863359212875366,
        0.6819429397583008
      ]
    },
    "DenseNet121": {
      "accuracy": [
        0.5761589407920837,
        0.6490066051483154,
        0.7119205594062805,
        0.7582781314849854,
        0.7748344540596008
      ],
      "loss": [
        0.6936156749725342,
        0.6238366961479187,
        0.5628624558448792,
        0.5391479134559631,
        0.49670547246932983
      ],
      "val_accuracy": [
        0.6000000238418579,
        0.6461538672447205,
        0.7230769395828247,
        0.7846153974533081,
        0.800000011920929
      ],
      "val_loss": [
        0.6109516024589539,
        0.5838382840156555,
        0.5405141115188599,
        0.501964271068573,
        0.4783768057823181
      ]
    },
    "EfficientNetB0": {
      "accuracy": [
        0.49668875336647034,
        0.5,
        0.5298013091087341,
        0.5264900922775269,
        0.5231788158416748
      ],
      "loss": [
        0.703888475894928,
        0.6928876042366028,
        0.6935721635818481,
        0.6916598081588745,
        0.6945136189460754
      ],
      "val_accuracy": [
        0.4923076927661896,
        0.4923076927661896,
        0.5076923370361328,
        0.5076923370361328,
        0.4923076927661896
      ],
      "val_loss": [
        0.6968100070953369,
        0.6953203082084656,
        0.6929827332496643,
        0.6929962038993835,
        0.6931743025779724
      ]
    }
  },
  "covid": {
    "VGG16": {
      "accuracy": [
        0.46935200691223145,
        0.48511382937431335,
        0.46935200691223145,
        0.5271453857421875,
        0.5376532673835754
      ],
      "loss": [
        1.2208373546600342,
        1.0630319118499756,
        1.0113749504089355,
        0.9542396664619446,
        0.9457944631576538
      ],
      "val_accuracy": [
        0.49180328845977783,
        0.49180328845977783,
        0.49180328845977783,
        0.5655737519264221,
        0.6475409865379333
      ],
      "val_loss": [
        1.1419202089309692,
        1.0155243873596191,
        0.9614343047142029,
        0.9359842538833618,
        0.9175915122032166
      ]
    },
    "ResNet50": {
      "accuracy": [
        0.5078809261322021,
        0.5131348371505737,
        0.5218914151191711,
        0.4973730444908142,
        0.5341506004333496
      ],
      "loss": [
        0.9976564049720764,
        0.9771612286567688,
        0.9538370966911316,
        0.9502862691879272,
        0.9634701013565063
      ],
      "val_accuracy": [
        0.5245901346206665,
        0.5409836173057556,
        0.5409836173057556,
        0.5409836173057556,
        0.5409836173057556
      ],
      "val_loss": [
        0.9628579616546631,
        0.9296796321868896,
        0.9341966509819031,
        0.9288135766983032,
        0.9294727444648743
      ]
    },
    "DenseNet121": {
      "accuracy": [
        0.5306479930877686,
        0.639229416847229,
        0.6444833874702454,
        0.653239905834198,
        0.6654991507530212
      ],
      "loss": [
        0.9616727232933044,
        0.884455144405365,
        0.850324273109436,
        0.8274266719818115,
        0.8372085094451904
      ],
      "val_accuracy": [
        0.5737704634666443,
        0.6147540807723999,
        0.631147563457489,
        0.6393442749977112,
        0.6475409865379333
      ],
      "val_loss": [
        0.9209203124046326,
        0.859230101108551,
        0.8232109546661377,
        0.8040259480476379,
        0.7874355912208557
      ]
    },
    "EfficientNetB0": {
      "accuracy": [
        0.46935200691223145,
        0.4640980660915375,
        0.47635728120803833,
        0.4746059477329254,
        0.4833625257015228
      ],
      "loss": [
        1.0023412704467773,
        0.9873626232147217,
        0.9891785979270935,
        0.9901800751686096,
        0.9864790439605713
      ],
      "val_accuracy": [
        0.3852458894252777,
        0.49180328845977783,
        0.49180328845977783,
        0.49180328845977783,
        0.49180328845977783
      ],
      "val_loss": [
        0.9842324256896973,
        0.9751626253128052,
        0.9750241637229919,
        0.9743258953094482,
        0.9747228622436523
      ]
    }
  }
}